Protein ID	Type	Source
NP_230472.1	VFDB	http://www.mgc.ac.cn/cgi-bin/VFs/vfs.cgi?VFID=
NP_230479.1	VFDB	http://www.mgc.ac.cn/cgi-bin/VFs/vfs.cgi?VFID=VF0126
NP_230487.1	VFDB	http://www.mgc.ac.cn/cgi-bin/VFs/vfs.cgi?VFID=VF0126
NP_231404.1	VFDB	http://www.mgc.ac.cn/cgi-bin/VFs/vfs.cgi?VFID=
NP_231413.1	VFDB	http://www.mgc.ac.cn/cgi-bin/VFs/vfs.cgi?VFID=
NP_231425.1	VFDB	http://www.mgc.ac.cn/cgi-bin/VFs/vfs.cgi?VFID=
NP_231436.1	VFDB	http://www.mgc.ac.cn/cgi-bin/VFs/vfs.cgi?VFID=
NP_230466.1	VFDB	http://www.mgc.ac.cn/cgi-bin/VFs/vfs.cgi?VFID=
NP_230477.1	VFDB	http://www.mgc.ac.cn/cgi-bin/VFs/vfs.cgi?VFID=VF0126
NP_230485.1	VFDB	http://www.mgc.ac.cn/cgi-bin/VFs/vfs.cgi?VFID=VF0126
NP_231401.1	VFDB	http://www.mgc.ac.cn/cgi-bin/VFs/vfs.cgi?VFID=
NP_231410.1	VFDB	http://www.mgc.ac.cn/cgi-bin/VFs/vfs.cgi?VFID=
NP_231421.1	VFDB	http://www.mgc.ac.cn/cgi-bin/VFs/vfs.cgi?VFID=
NP_231433.1	VFDB	http://www.mgc.ac.cn/cgi-bin/VFs/vfs.cgi?VFID=
NP_231443.1	VFDB	http://www.mgc.ac.cn/cgi-bin/VFs/vfs.cgi?VFID=
NP_230475.1	VFDB	http://www.mgc.ac.cn/cgi-bin/VFs/vfs.cgi?VFID=VF0126
NP_231398.1	VFDB	http://www.mgc.ac.cn/cgi-bin/VFs/vfs.cgi?VFID=
NP_231407.1	VFDB	http://www.mgc.ac.cn/cgi-bin/VFs/vfs.cgi?VFID=
NP_231418.1	VFDB	http://www.mgc.ac.cn/cgi-bin/VFs/vfs.cgi?VFID=
NP_231430.1	VFDB	http://www.mgc.ac.cn/cgi-bin/VFs/vfs.cgi?VFID=
NP_231440.1	VFDB	http://www.mgc.ac.cn/cgi-bin/VFs/vfs.cgi?VFID=
NP_230473.1	VFDB	http://www.mgc.ac.cn/cgi-bin/VFs/vfs.cgi?VFID=VF0126
NP_230481.1	VFDB	http://www.mgc.ac.cn/cgi-bin/VFs/vfs.cgi?VFID=VF0126
NP_230489.1	VFDB	http://www.mgc.ac.cn/cgi-bin/VFs/vfs.cgi?VFID=VF0127
NP_231101.1	VFDB	http://www.mgc.ac.cn/cgi-bin/VFs/vfs.cgi?VFID=VF0129
NP_231405.1	VFDB	http://www.mgc.ac.cn/cgi-bin/VFs/vfs.cgi?VFID=
NP_231415.1	VFDB	http://www.mgc.ac.cn/cgi-bin/VFs/vfs.cgi?VFID=
NP_231427.1	VFDB	http://www.mgc.ac.cn/cgi-bin/VFs/vfs.cgi?VFID=
NP_231437.1	VFDB	http://www.mgc.ac.cn/cgi-bin/VFs/vfs.cgi?VFID=
NP_230468.1	VFDB	http://www.mgc.ac.cn/cgi-bin/VFs/vfs.cgi?VFID=
NP_230479.1	VFDB	http://www.mgc.ac.cn/cgi-bin/VFs/vfs.cgi?VFID=VF0126
NP_230486.1	VFDB	http://www.mgc.ac.cn/cgi-bin/VFs/vfs.cgi?VFID=VF0126
NP_231099.1	VFDB	http://www.mgc.ac.cn/cgi-bin/VFs/vfs.cgi?VFID=VF0128
NP_231402.1	VFDB	http://www.mgc.ac.cn/cgi-bin/VFs/vfs.cgi?VFID=
NP_231412.1	VFDB	http://www.mgc.ac.cn/cgi-bin/VFs/vfs.cgi?VFID=
NP_231424.1	VFDB	http://www.mgc.ac.cn/cgi-bin/VFs/vfs.cgi?VFID=
NP_231434.1	VFDB	http://www.mgc.ac.cn/cgi-bin/VFs/vfs.cgi?VFID=
NP_230484.1	VFDB	http://www.mgc.ac.cn/cgi-bin/VFs/vfs.cgi?VFID=VF0126
NP_231399.1	VFDB	http://www.mgc.ac.cn/cgi-bin/VFs/vfs.cgi?VFID=
NP_231409.1	VFDB	http://www.mgc.ac.cn/cgi-bin/VFs/vfs.cgi?VFID=
NP_231420.1	VFDB	http://www.mgc.ac.cn/cgi-bin/VFs/vfs.cgi?VFID=
NP_231431.1	VFDB	http://www.mgc.ac.cn/cgi-bin/VFs/vfs.cgi?VFID=
NP_231442.1	VFDB	http://www.mgc.ac.cn/cgi-bin/VFs/vfs.cgi?VFID=
NP_230492.1	VFDB	http://www.mgc.ac.cn/cgi-bin/VFs/vfs.cgi?VFID=VF0127
NP_231394.1	VFDB	http://www.mgc.ac.cn/cgi-bin/VFs/vfs.cgi?VFID=
NP_231406.1	VFDB	http://www.mgc.ac.cn/cgi-bin/VFs/vfs.cgi?VFID=
NP_231417.1	VFDB	http://www.mgc.ac.cn/cgi-bin/VFs/vfs.cgi?VFID=
NP_231428.1	VFDB	http://www.mgc.ac.cn/cgi-bin/VFs/vfs.cgi?VFID=
NP_231439.1	VFDB	http://www.mgc.ac.cn/cgi-bin/VFs/vfs.cgi?VFID=
NP_230472.1	VFDB	http://www.mgc.ac.cn/cgi-bin/VFs/vfs.cgi?VFID=
NP_230480.1	VFDB	http://www.mgc.ac.cn/cgi-bin/VFs/vfs.cgi?VFID=VF0126
NP_230487.1	VFDB	http://www.mgc.ac.cn/cgi-bin/VFs/vfs.cgi?VFID=VF0126
NP_231100.1	VFDB	http://www.mgc.ac.cn/cgi-bin/VFs/vfs.cgi?VFID=VF0128
NP_231404.1	VFDB	http://www.mgc.ac.cn/cgi-bin/VFs/vfs.cgi?VFID=
NP_231414.1	VFDB	http://www.mgc.ac.cn/cgi-bin/VFs/vfs.cgi?VFID=
NP_231425.1	VFDB	http://www.mgc.ac.cn/cgi-bin/VFs/vfs.cgi?VFID=
NP_231436.1	VFDB	http://www.mgc.ac.cn/cgi-bin/VFs/vfs.cgi?VFID=
NP_230466.1	VFDB	http://www.mgc.ac.cn/cgi-bin/VFs/vfs.cgi?VFID=
NP_230478.1	VFDB	http://www.mgc.ac.cn/cgi-bin/VFs/vfs.cgi?VFID=VF0126
NP_231094.1	VFDB	http://www.mgc.ac.cn/cgi-bin/VFs/vfs.cgi?VFID=VF0265
NP_231401.1	VFDB	http://www.mgc.ac.cn/cgi-bin/VFs/vfs.cgi?VFID=
NP_231411.1	VFDB	http://www.mgc.ac.cn/cgi-bin/VFs/vfs.cgi?VFID=
NP_231421.1	VFDB	http://www.mgc.ac.cn/cgi-bin/VFs/vfs.cgi?VFID=
NP_231433.1	VFDB	http://www.mgc.ac.cn/cgi-bin/VFs/vfs.cgi?VFID=
NP_230483.1	VFDB	http://www.mgc.ac.cn/cgi-bin/VFs/vfs.cgi?VFID=VF0126
NP_231398.1	VFDB	http://www.mgc.ac.cn/cgi-bin/VFs/vfs.cgi?VFID=
NP_231408.1	VFDB	http://www.mgc.ac.cn/cgi-bin/VFs/vfs.cgi?VFID=
NP_231418.1	VFDB	http://www.mgc.ac.cn/cgi-bin/VFs/vfs.cgi?VFID=
NP_231430.1	VFDB	http://www.mgc.ac.cn/cgi-bin/VFs/vfs.cgi?VFID=
NP_231441.1	VFDB	http://www.mgc.ac.cn/cgi-bin/VFs/vfs.cgi?VFID=
NP_230481.1	VFDB	http://www.mgc.ac.cn/cgi-bin/VFs/vfs.cgi?VFID=VF0126
NP_230489.1	VFDB	http://www.mgc.ac.cn/cgi-bin/VFs/vfs.cgi?VFID=VF0127
NP_231101.1	VFDB	http://www.mgc.ac.cn/cgi-bin/VFs/vfs.cgi?VFID=VF0129
NP_231406.1	VFDB	http://www.mgc.ac.cn/cgi-bin/VFs/vfs.cgi?VFID=
NP_231415.1	VFDB	http://www.mgc.ac.cn/cgi-bin/VFs/vfs.cgi?VFID=
NP_231427.1	VFDB	http://www.mgc.ac.cn/cgi-bin/VFs/vfs.cgi?VFID=
NP_231438.1	VFDB	http://www.mgc.ac.cn/cgi-bin/VFs/vfs.cgi?VFID=
NP_230471.1	VFDB	http://www.mgc.ac.cn/cgi-bin/VFs/vfs.cgi?VFID=
NP_230486.1	VFDB	http://www.mgc.ac.cn/cgi-bin/VFs/vfs.cgi?VFID=VF0126
NP_231099.1	VFDB	http://www.mgc.ac.cn/cgi-bin/VFs/vfs.cgi?VFID=VF0128
NP_231403.1	VFDB	http://www.mgc.ac.cn/cgi-bin/VFs/vfs.cgi?VFID=
NP_231412.1	VFDB	http://www.mgc.ac.cn/cgi-bin/VFs/vfs.cgi?VFID=
NP_231424.1	VFDB	http://www.mgc.ac.cn/cgi-bin/VFs/vfs.cgi?VFID=
NP_231435.1	VFDB	http://www.mgc.ac.cn/cgi-bin/VFs/vfs.cgi?VFID=
NP_230476.1	VFDB	http://www.mgc.ac.cn/cgi-bin/VFs/vfs.cgi?VFID=VF0126
NP_231400.1	VFDB	http://www.mgc.ac.cn/cgi-bin/VFs/vfs.cgi?VFID=
NP_231409.1	VFDB	http://www.mgc.ac.cn/cgi-bin/VFs/vfs.cgi?VFID=
NP_231420.1	VFDB	http://www.mgc.ac.cn/cgi-bin/VFs/vfs.cgi?VFID=
NP_231432.1	VFDB	http://www.mgc.ac.cn/cgi-bin/VFs/vfs.cgi?VFID=
NP_231442.1	VFDB	http://www.mgc.ac.cn/cgi-bin/VFs/vfs.cgi?VFID=
NP_230474.1	VFDB	http://www.mgc.ac.cn/cgi-bin/VFs/vfs.cgi?VFID=VF0126
NP_230483.1	VFDB	http://www.mgc.ac.cn/cgi-bin/VFs/vfs.cgi?VFID=VF0126
NP_230493.1	VFDB	http://www.mgc.ac.cn/cgi-bin/VFs/vfs.cgi?VFID=VF0127
NP_231397.1	VFDB	http://www.mgc.ac.cn/cgi-bin/VFs/vfs.cgi?VFID=
NP_231417.1	VFDB	http://www.mgc.ac.cn/cgi-bin/VFs/vfs.cgi?VFID=
NP_231429.1	VFDB	http://www.mgc.ac.cn/cgi-bin/VFs/vfs.cgi?VFID=
NP_231439.1	VFDB	http://www.mgc.ac.cn/cgi-bin/VFs/vfs.cgi?VFID=
NP_230472.1	VFDB	http://www.mgc.ac.cn/cgi-bin/VFs/vfs.cgi?VFID=
NP_230480.1	VFDB	http://www.mgc.ac.cn/cgi-bin/VFs/vfs.cgi?VFID=VF0126
NP_230488.1	VFDB	http://www.mgc.ac.cn/cgi-bin/VFs/vfs.cgi?VFID=VF0127
NP_231404.1	VFDB	http://www.mgc.ac.cn/cgi-bin/VFs/vfs.cgi?VFID=
NP_231414.1	VFDB	http://www.mgc.ac.cn/cgi-bin/VFs/vfs.cgi?VFID=
NP_231426.1	VFDB	http://www.mgc.ac.cn/cgi-bin/VFs/vfs.cgi?VFID=
NP_231436.1	VFDB	http://www.mgc.ac.cn/cgi-bin/VFs/vfs.cgi?VFID=
NP_230466.1	VFDB	http://www.mgc.ac.cn/cgi-bin/VFs/vfs.cgi?VFID=
NP_230478.1	VFDB	http://www.mgc.ac.cn/cgi-bin/VFs/vfs.cgi?VFID=VF0126
NP_230485.1	VFDB	http://www.mgc.ac.cn/cgi-bin/VFs/vfs.cgi?VFID=VF0126
NP_231094.1	VFDB	http://www.mgc.ac.cn/cgi-bin/VFs/vfs.cgi?VFID=VF0265
NP_231401.1	VFDB	http://www.mgc.ac.cn/cgi-bin/VFs/vfs.cgi?VFID=
NP_231411.1	VFDB	http://www.mgc.ac.cn/cgi-bin/VFs/vfs.cgi?VFID=
NP_231423.1	VFDB	http://www.mgc.ac.cn/cgi-bin/VFs/vfs.cgi?VFID=
NP_231433.1	VFDB	http://www.mgc.ac.cn/cgi-bin/VFs/vfs.cgi?VFID=
NP_230476.1	VFDB	http://www.mgc.ac.cn/cgi-bin/VFs/vfs.cgi?VFID=VF0126
NP_231398.1	VFDB	http://www.mgc.ac.cn/cgi-bin/VFs/vfs.cgi?VFID=
NP_231408.1	VFDB	http://www.mgc.ac.cn/cgi-bin/VFs/vfs.cgi?VFID=
NP_231419.1	VFDB	http://www.mgc.ac.cn/cgi-bin/VFs/vfs.cgi?VFID=
NP_231430.1	VFDB	http://www.mgc.ac.cn/cgi-bin/VFs/vfs.cgi?VFID=
NP_231441.1	VFDB	http://www.mgc.ac.cn/cgi-bin/VFs/vfs.cgi?VFID=
NP_230474.1	VFDB	http://www.mgc.ac.cn/cgi-bin/VFs/vfs.cgi?VFID=VF0126
NP_230482.1	VFDB	http://www.mgc.ac.cn/cgi-bin/VFs/vfs.cgi?VFID=VF0126
NP_230489.1	VFDB	http://www.mgc.ac.cn/cgi-bin/VFs/vfs.cgi?VFID=VF0127
NP_231102.1	VFDB	http://www.mgc.ac.cn/cgi-bin/VFs/vfs.cgi?VFID=VF0130
NP_231416.1	VFDB	http://www.mgc.ac.cn/cgi-bin/VFs/vfs.cgi?VFID=
NP_231427.1	VFDB	http://www.mgc.ac.cn/cgi-bin/VFs/vfs.cgi?VFID=
NP_231438.1	VFDB	http://www.mgc.ac.cn/cgi-bin/VFs/vfs.cgi?VFID=
NP_230471.1	VFDB	http://www.mgc.ac.cn/cgi-bin/VFs/vfs.cgi?VFID=
NP_230479.1	VFDB	http://www.mgc.ac.cn/cgi-bin/VFs/vfs.cgi?VFID=VF0126
NP_230486.1	VFDB	http://www.mgc.ac.cn/cgi-bin/VFs/vfs.cgi?VFID=VF0126
NP_231403.1	VFDB	http://www.mgc.ac.cn/cgi-bin/VFs/vfs.cgi?VFID=
NP_231413.1	VFDB	http://www.mgc.ac.cn/cgi-bin/VFs/vfs.cgi?VFID=
NP_231424.1	VFDB	http://www.mgc.ac.cn/cgi-bin/VFs/vfs.cgi?VFID=
NP_231435.1	VFDB	http://www.mgc.ac.cn/cgi-bin/VFs/vfs.cgi?VFID=
NP_230477.1	VFDB	http://www.mgc.ac.cn/cgi-bin/VFs/vfs.cgi?VFID=VF0126
NP_230484.1	VFDB	http://www.mgc.ac.cn/cgi-bin/VFs/vfs.cgi?VFID=VF0126
NP_231400.1	VFDB	http://www.mgc.ac.cn/cgi-bin/VFs/vfs.cgi?VFID=
NP_231410.1	VFDB	http://www.mgc.ac.cn/cgi-bin/VFs/vfs.cgi?VFID=
NP_231420.1	VFDB	http://www.mgc.ac.cn/cgi-bin/VFs/vfs.cgi?VFID=
NP_231432.1	VFDB	http://www.mgc.ac.cn/cgi-bin/VFs/vfs.cgi?VFID=
NP_231443.1	VFDB	http://www.mgc.ac.cn/cgi-bin/VFs/vfs.cgi?VFID=
NP_230475.1	VFDB	http://www.mgc.ac.cn/cgi-bin/VFs/vfs.cgi?VFID=VF0126
NP_230493.1	VFDB	http://www.mgc.ac.cn/cgi-bin/VFs/vfs.cgi?VFID=VF0127
NP_231397.1	VFDB	http://www.mgc.ac.cn/cgi-bin/VFs/vfs.cgi?VFID=
NP_231407.1	VFDB	http://www.mgc.ac.cn/cgi-bin/VFs/vfs.cgi?VFID=
NP_231417.1	VFDB	http://www.mgc.ac.cn/cgi-bin/VFs/vfs.cgi?VFID=
NP_231429.1	VFDB	http://www.mgc.ac.cn/cgi-bin/VFs/vfs.cgi?VFID=
NP_231440.1	VFDB	http://www.mgc.ac.cn/cgi-bin/VFs/vfs.cgi?VFID=
NP_230473.1	VFDB	http://www.mgc.ac.cn/cgi-bin/VFs/vfs.cgi?VFID=VF0126
NP_230480.1	VFDB	http://www.mgc.ac.cn/cgi-bin/VFs/vfs.cgi?VFID=VF0126
NP_230488.1	VFDB	http://www.mgc.ac.cn/cgi-bin/VFs/vfs.cgi?VFID=VF0127
NP_231100.1	VFDB	http://www.mgc.ac.cn/cgi-bin/VFs/vfs.cgi?VFID=VF0128
NP_231405.1	VFDB	http://www.mgc.ac.cn/cgi-bin/VFs/vfs.cgi?VFID=
NP_231414.1	VFDB	http://www.mgc.ac.cn/cgi-bin/VFs/vfs.cgi?VFID=
NP_231426.1	VFDB	http://www.mgc.ac.cn/cgi-bin/VFs/vfs.cgi?VFID=
NP_231437.1	VFDB	http://www.mgc.ac.cn/cgi-bin/VFs/vfs.cgi?VFID=
NP_230468.1	VFDB	http://www.mgc.ac.cn/cgi-bin/VFs/vfs.cgi?VFID=
NP_230478.1	VFDB	http://www.mgc.ac.cn/cgi-bin/VFs/vfs.cgi?VFID=VF0126
NP_231094.1	VFDB	http://www.mgc.ac.cn/cgi-bin/VFs/vfs.cgi?VFID=VF0265
NP_231402.1	VFDB	http://www.mgc.ac.cn/cgi-bin/VFs/vfs.cgi?VFID=
NP_231411.1	VFDB	http://www.mgc.ac.cn/cgi-bin/VFs/vfs.cgi?VFID=
NP_231423.1	VFDB	http://www.mgc.ac.cn/cgi-bin/VFs/vfs.cgi?VFID=
NP_231434.1	VFDB	http://www.mgc.ac.cn/cgi-bin/VFs/vfs.cgi?VFID=
NP_230484.1	VFDB	http://www.mgc.ac.cn/cgi-bin/VFs/vfs.cgi?VFID=VF0126
NP_231399.1	VFDB	http://www.mgc.ac.cn/cgi-bin/VFs/vfs.cgi?VFID=
NP_231408.1	VFDB	http://www.mgc.ac.cn/cgi-bin/VFs/vfs.cgi?VFID=
NP_231419.1	VFDB	http://www.mgc.ac.cn/cgi-bin/VFs/vfs.cgi?VFID=
NP_231431.1	VFDB	http://www.mgc.ac.cn/cgi-bin/VFs/vfs.cgi?VFID=
NP_231441.1	VFDB	http://www.mgc.ac.cn/cgi-bin/VFs/vfs.cgi?VFID=
NP_230482.1	VFDB	http://www.mgc.ac.cn/cgi-bin/VFs/vfs.cgi?VFID=VF0126
NP_230492.1	VFDB	http://www.mgc.ac.cn/cgi-bin/VFs/vfs.cgi?VFID=VF0127
NP_231102.1	VFDB	http://www.mgc.ac.cn/cgi-bin/VFs/vfs.cgi?VFID=VF0130
NP_231394.1	VFDB	http://www.mgc.ac.cn/cgi-bin/VFs/vfs.cgi?VFID=
NP_231406.1	VFDB	http://www.mgc.ac.cn/cgi-bin/VFs/vfs.cgi?VFID=
NP_231416.1	VFDB	http://www.mgc.ac.cn/cgi-bin/VFs/vfs.cgi?VFID=
NP_231428.1	VFDB	http://www.mgc.ac.cn/cgi-bin/VFs/vfs.cgi?VFID=
NP_231438.1	VFDB	http://www.mgc.ac.cn/cgi-bin/VFs/vfs.cgi?VFID=
NP_230471.1	VFDB	http://www.mgc.ac.cn/cgi-bin/VFs/vfs.cgi?VFID=
NP_230487.1	VFDB	http://www.mgc.ac.cn/cgi-bin/VFs/vfs.cgi?VFID=VF0126
NP_231100.1	VFDB	http://www.mgc.ac.cn/cgi-bin/VFs/vfs.cgi?VFID=VF0128
NP_231403.1	VFDB	http://www.mgc.ac.cn/cgi-bin/VFs/vfs.cgi?VFID=
NP_231413.1	VFDB	http://www.mgc.ac.cn/cgi-bin/VFs/vfs.cgi?VFID=
NP_231425.1	VFDB	http://www.mgc.ac.cn/cgi-bin/VFs/vfs.cgi?VFID=
NP_231435.1	VFDB	http://www.mgc.ac.cn/cgi-bin/VFs/vfs.cgi?VFID=
NP_230477.1	VFDB	http://www.mgc.ac.cn/cgi-bin/VFs/vfs.cgi?VFID=VF0126
NP_231400.1	VFDB	http://www.mgc.ac.cn/cgi-bin/VFs/vfs.cgi?VFID=
NP_231410.1	VFDB	http://www.mgc.ac.cn/cgi-bin/VFs/vfs.cgi?VFID=
NP_231421.1	VFDB	http://www.mgc.ac.cn/cgi-bin/VFs/vfs.cgi?VFID=
NP_231432.1	VFDB	http://www.mgc.ac.cn/cgi-bin/VFs/vfs.cgi?VFID=
NP_231443.1	VFDB	http://www.mgc.ac.cn/cgi-bin/VFs/vfs.cgi?VFID=
NP_230475.1	VFDB	http://www.mgc.ac.cn/cgi-bin/VFs/vfs.cgi?VFID=VF0126
NP_230483.1	VFDB	http://www.mgc.ac.cn/cgi-bin/VFs/vfs.cgi?VFID=VF0126
NP_230493.1	VFDB	http://www.mgc.ac.cn/cgi-bin/VFs/vfs.cgi?VFID=VF0127
NP_231397.1	VFDB	http://www.mgc.ac.cn/cgi-bin/VFs/vfs.cgi?VFID=
NP_231407.1	VFDB	http://www.mgc.ac.cn/cgi-bin/VFs/vfs.cgi?VFID=
NP_231418.1	VFDB	http://www.mgc.ac.cn/cgi-bin/VFs/vfs.cgi?VFID=
NP_231429.1	VFDB	http://www.mgc.ac.cn/cgi-bin/VFs/vfs.cgi?VFID=
NP_231440.1	VFDB	http://www.mgc.ac.cn/cgi-bin/VFs/vfs.cgi?VFID=
NP_230473.1	VFDB	http://www.mgc.ac.cn/cgi-bin/VFs/vfs.cgi?VFID=VF0126
NP_230481.1	VFDB	http://www.mgc.ac.cn/cgi-bin/VFs/vfs.cgi?VFID=VF0126
NP_230488.1	VFDB	http://www.mgc.ac.cn/cgi-bin/VFs/vfs.cgi?VFID=VF0127
NP_231101.1	VFDB	http://www.mgc.ac.cn/cgi-bin/VFs/vfs.cgi?VFID=VF0129
NP_231405.1	VFDB	http://www.mgc.ac.cn/cgi-bin/VFs/vfs.cgi?VFID=
NP_231415.1	VFDB	http://www.mgc.ac.cn/cgi-bin/VFs/vfs.cgi?VFID=
NP_231426.1	VFDB	http://www.mgc.ac.cn/cgi-bin/VFs/vfs.cgi?VFID=
NP_231437.1	VFDB	http://www.mgc.ac.cn/cgi-bin/VFs/vfs.cgi?VFID=
NP_230468.1	VFDB	http://www.mgc.ac.cn/cgi-bin/VFs/vfs.cgi?VFID=
NP_230485.1	VFDB	http://www.mgc.ac.cn/cgi-bin/VFs/vfs.cgi?VFID=VF0126
NP_231099.1	VFDB	http://www.mgc.ac.cn/cgi-bin/VFs/vfs.cgi?VFID=VF0128
NP_231402.1	VFDB	http://www.mgc.ac.cn/cgi-bin/VFs/vfs.cgi?VFID=
NP_231412.1	VFDB	http://www.mgc.ac.cn/cgi-bin/VFs/vfs.cgi?VFID=
NP_231423.1	VFDB	http://www.mgc.ac.cn/cgi-bin/VFs/vfs.cgi?VFID=
NP_231434.1	VFDB	http://www.mgc.ac.cn/cgi-bin/VFs/vfs.cgi?VFID=
NP_230476.1	VFDB	http://www.mgc.ac.cn/cgi-bin/VFs/vfs.cgi?VFID=VF0126
NP_231399.1	VFDB	http://www.mgc.ac.cn/cgi-bin/VFs/vfs.cgi?VFID=
NP_231409.1	VFDB	http://www.mgc.ac.cn/cgi-bin/VFs/vfs.cgi?VFID=
NP_231419.1	VFDB	http://www.mgc.ac.cn/cgi-bin/VFs/vfs.cgi?VFID=
NP_231431.1	VFDB	http://www.mgc.ac.cn/cgi-bin/VFs/vfs.cgi?VFID=
NP_231442.1	VFDB	http://www.mgc.ac.cn/cgi-bin/VFs/vfs.cgi?VFID=
NP_230474.1	VFDB	http://www.mgc.ac.cn/cgi-bin/VFs/vfs.cgi?VFID=VF0126
NP_230482.1	VFDB	http://www.mgc.ac.cn/cgi-bin/VFs/vfs.cgi?VFID=VF0126
NP_230492.1	VFDB	http://www.mgc.ac.cn/cgi-bin/VFs/vfs.cgi?VFID=VF0127
NP_231102.1	VFDB	http://www.mgc.ac.cn/cgi-bin/VFs/vfs.cgi?VFID=VF0130
NP_231394.1	VFDB	http://www.mgc.ac.cn/cgi-bin/VFs/vfs.cgi?VFID=
NP_231416.1	VFDB	http://www.mgc.ac.cn/cgi-bin/VFs/vfs.cgi?VFID=
NP_231428.1	VFDB	http://www.mgc.ac.cn/cgi-bin/VFs/vfs.cgi?VFID=
NP_231439.1	VFDB	http://www.mgc.ac.cn/cgi-bin/VFs/vfs.cgi?VFID=
NP_230156.1	PAG	Pathogen-associated genes analysis (2014)
NP_231100.1	PAG	Pathogen-associated genes analysis (2014)
NP_231092.1	PAG	Pathogen-associated genes analysis (2014)
YP_007648023.1	PAG	Pathogen-associated genes analysis (2014)
YP_007648022.1	PAG	Pathogen-associated genes analysis (2014)
NP_230156.1	PAG	Pathogen-associated genes analysis (2014)
YP_007648023.1	PAG	Pathogen-associated genes analysis (2014)
YP_007648022.1	PAG	Pathogen-associated genes analysis (2014)
NP_231100.1	PAG	Pathogen-associated genes analysis (2014)
NP_231100.1	PAG	Pathogen-associated genes analysis (2014)
NP_231092.1	PAG	Pathogen-associated genes analysis (2014)
YP_007648022.1	PAG	Pathogen-associated genes analysis (2014)
NP_230156.1	PAG	Pathogen-associated genes analysis (2014)
NP_231092.1	PAG	Pathogen-associated genes analysis (2014)
YP_007648023.1	PAG	Pathogen-associated genes analysis (2014)
NP_230561.1	RGI	http://arpcard.mcmaster.ca/?q=CARD/ontology/37188
NP_231208.1	RGI	http://arpcard.mcmaster.ca/?q=CARD/ontology/36674
NP_231908.1	RGI	http://arpcard.mcmaster.ca/?q=CARD/ontology/39304
NP_230776.1	RGI	http://arpcard.mcmaster.ca/?q=CARD/ontology/36620
NP_229821.1	RGI	http://arpcard.mcmaster.ca/?q=CARD/ontology/37170
NP_230775.1	RGI	http://arpcard.mcmaster.ca/?q=CARD/ontology/37020
NP_232242.1	RGI	http://arpcard.mcmaster.ca/?q=CARD/ontology/36657
NP_231208.1	RGI	http://arpcard.mcmaster.ca/?q=CARD/ontology/36674
NP_231908.1	RGI	http://arpcard.mcmaster.ca/?q=CARD/ontology/39304
NP_230776.1	RGI	http://arpcard.mcmaster.ca/?q=CARD/ontology/36620
NP_231180.2	RGI	http://arpcard.mcmaster.ca/?q=CARD/ontology/37133
NP_229821.1	RGI	http://arpcard.mcmaster.ca/?q=CARD/ontology/37170
NP_230775.1	RGI	http://arpcard.mcmaster.ca/?q=CARD/ontology/37020
NP_232242.1	RGI	http://arpcard.mcmaster.ca/?q=CARD/ontology/36657
NP_231208.1	RGI	http://arpcard.mcmaster.ca/?q=CARD/ontology/36674
NP_231908.1	RGI	http://arpcard.mcmaster.ca/?q=CARD/ontology/39304
NP_230561.1	RGI	http://arpcard.mcmaster.ca/?q=CARD/ontology/37188
NP_231180.2	RGI	http://arpcard.mcmaster.ca/?q=CARD/ontology/37133
NP_229821.1	RGI	http://arpcard.mcmaster.ca/?q=CARD/ontology/37170
NP_230775.1	RGI	http://arpcard.mcmaster.ca/?q=CARD/ontology/37020
NP_232242.1	RGI	http://arpcard.mcmaster.ca/?q=CARD/ontology/36657
NP_230561.1	RGI	http://arpcard.mcmaster.ca/?q=CARD/ontology/37188
NP_231180.2	RGI	http://arpcard.mcmaster.ca/?q=CARD/ontology/37133
NP_230776.1	RGI	http://arpcard.mcmaster.ca/?q=CARD/ontology/36620
NP_229783.1	Victors	http://www.phidias.us/victors/gene_detail.php?c_mc_victor_id=2466
NP_229904.1	Victors	http://www.phidias.us/victors/gene_detail.php?c_mc_victor_id=2447
NP_230720.1	Victors	http://www.phidias.us/victors/gene_detail.php?c_mc_victor_id=2435
NP_231350.1	Victors	http://www.phidias.us/victors/gene_detail.php?c_mc_victor_id=2420
NP_231655.1	Victors	http://www.phidias.us/victors/gene_detail.php?c_mc_victor_id=2412
NP_231951.1	Victors	http://www.phidias.us/victors/gene_detail.php?c_mc_victor_id=2407
NP_232135.1	Victors	http://www.phidias.us/victors/gene_detail.php?c_mc_victor_id=2462
NP_229710.1	Victors	http://www.phidias.us/victors/gene_detail.php?c_mc_victor_id=2437
NP_229899.1	Victors	http://www.phidias.us/victors/gene_detail.php?c_mc_victor_id=2453
NP_230113.1	Victors	http://www.phidias.us/victors/gene_detail.php?c_mc_victor_id=2460
NP_230650.1	Victors	http://www.phidias.us/victors/gene_detail.php?c_mc_victor_id=2429
NP_231235.1	Victors	http://www.phidias.us/victors/gene_detail.php?c_mc_victor_id=2426
NP_231921.1	Victors	http://www.phidias.us/victors/gene_detail.php?c_mc_victor_id=2408
NP_232084.1	Victors	http://www.phidias.us/victors/gene_detail.php?c_mc_victor_id=2400
NP_229687.1	Victors	http://www.phidias.us/victors/gene_detail.php?c_mc_victor_id=2393
NP_229869.1	Victors	http://www.phidias.us/victors/gene_detail.php?c_mc_victor_id=2452
NP_229915.2	Victors	http://www.phidias.us/victors/gene_detail.php?c_mc_victor_id=2464
NP_230296.1	Victors	http://www.phidias.us/victors/gene_detail.php?c_mc_victor_id=2469
NP_230483.1	Victors	http://www.phidias.us/victors/gene_detail.php?c_mc_victor_id=2443
NP_230516.1	Victors	http://www.phidias.us/victors/gene_detail.php?c_mc_victor_id=2446
NP_230807.1	Victors	http://www.phidias.us/victors/gene_detail.php?c_mc_victor_id=2449
NP_231738.1	Victors	http://www.phidias.us/victors/gene_detail.php?c_mc_victor_id=2411
NP_232063.1	Victors	http://www.phidias.us/victors/gene_detail.php?c_mc_victor_id=2396
NP_232286.1	Victors	http://www.phidias.us/victors/gene_detail.php?c_mc_victor_id=2472
NP_229790.1	Victors	http://www.phidias.us/victors/gene_detail.php?c_mc_victor_id=2478
NP_229907.1	Victors	http://www.phidias.us/victors/gene_detail.php?c_mc_victor_id=2433
NP_230227.1	Victors	http://www.phidias.us/victors/gene_detail.php?c_mc_victor_id=2463
NP_230743.1	Victors	http://www.phidias.us/victors/gene_detail.php?c_mc_victor_id=2436
NP_231352.1	Victors	http://www.phidias.us/victors/gene_detail.php?c_mc_victor_id=2422
NP_231676.1	Victors	http://www.phidias.us/victors/gene_detail.php?c_mc_victor_id=2414
NP_232020.1	Victors	http://www.phidias.us/victors/gene_detail.php?c_mc_victor_id=2404
NP_232172.1	Victors	http://www.phidias.us/victors/gene_detail.php?c_mc_victor_id=2470
NP_229754.1	Victors	http://www.phidias.us/victors/gene_detail.php?c_mc_victor_id=2477
NP_229901.1	Victors	http://www.phidias.us/victors/gene_detail.php?c_mc_victor_id=2448
NP_230139.1	Victors	http://www.phidias.us/victors/gene_detail.php?c_mc_victor_id=2465
NP_230658.1	Victors	http://www.phidias.us/victors/gene_detail.php?c_mc_victor_id=2430
NP_231311.1	Victors	http://www.phidias.us/victors/gene_detail.php?c_mc_victor_id=2424
NP_231521.1	Victors	http://www.phidias.us/victors/gene_detail.php?c_mc_victor_id=2418
NP_231926.1	Victors	http://www.phidias.us/victors/gene_detail.php?c_mc_victor_id=2406
NP_232086.1	Victors	http://www.phidias.us/victors/gene_detail.php?c_mc_victor_id=2401
NP_229691.1	Victors	http://www.phidias.us/victors/gene_detail.php?c_mc_victor_id=2438
NP_229896.1	Victors	http://www.phidias.us/victors/gene_detail.php?c_mc_victor_id=2455
NP_230001.1	Victors	http://www.phidias.us/victors/gene_detail.php?c_mc_victor_id=2459
NP_230373.1	Victors	http://www.phidias.us/victors/gene_detail.php?c_mc_victor_id=2474
NP_230476.1	Victors	http://www.phidias.us/victors/gene_detail.php?c_mc_victor_id=2441
NP_231024.1	Victors	http://www.phidias.us/victors/gene_detail.php?c_mc_victor_id=2456
NP_232066.1	Victors	http://www.phidias.us/victors/gene_detail.php?c_mc_victor_id=2397
NP_229849.1	Victors	http://www.phidias.us/victors/gene_detail.php?c_mc_victor_id=2451
NP_229913.1	Victors	http://www.phidias.us/victors/gene_detail.php?c_mc_victor_id=2427
NP_230246.1	Victors	http://www.phidias.us/victors/gene_detail.php?c_mc_victor_id=2467
NP_230474.1	Victors	http://www.phidias.us/victors/gene_detail.php?c_mc_victor_id=2440
NP_230483.1	Victors	http://www.phidias.us/victors/gene_detail.php?c_mc_victor_id=2443
NP_231699.1	Victors	http://www.phidias.us/victors/gene_detail.php?c_mc_victor_id=2416
NP_232043.1	Victors	http://www.phidias.us/victors/gene_detail.php?c_mc_victor_id=2405
NP_232275.1	Victors	http://www.phidias.us/victors/gene_detail.php?c_mc_victor_id=2471
NP_229783.1	Victors	http://www.phidias.us/victors/gene_detail.php?c_mc_victor_id=2466
NP_229906.1	Victors	http://www.phidias.us/victors/gene_detail.php?c_mc_victor_id=2432
NP_230720.1	Victors	http://www.phidias.us/victors/gene_detail.php?c_mc_victor_id=2435
NP_231350.1	Victors	http://www.phidias.us/victors/gene_detail.php?c_mc_victor_id=2420
NP_231664.1	Victors	http://www.phidias.us/victors/gene_detail.php?c_mc_victor_id=2413
NP_231951.1	Victors	http://www.phidias.us/victors/gene_detail.php?c_mc_victor_id=2407
NP_232135.1	Victors	http://www.phidias.us/victors/gene_detail.php?c_mc_victor_id=2462
NP_229710.1	Victors	http://www.phidias.us/victors/gene_detail.php?c_mc_victor_id=2437
NP_229900.1	Victors	http://www.phidias.us/victors/gene_detail.php?c_mc_victor_id=2454
NP_230113.1	Victors	http://www.phidias.us/victors/gene_detail.php?c_mc_victor_id=2460
NP_230485.1	Victors	http://www.phidias.us/victors/gene_detail.php?c_mc_victor_id=2445
NP_230650.1	Victors	http://www.phidias.us/victors/gene_detail.php?c_mc_victor_id=2429
NP_231235.1	Victors	http://www.phidias.us/victors/gene_detail.php?c_mc_victor_id=2426
NP_231470.1	Victors	http://www.phidias.us/victors/gene_detail.php?c_mc_victor_id=2417
NP_231921.1	Victors	http://www.phidias.us/victors/gene_detail.php?c_mc_victor_id=2408
NP_232084.1	Victors	http://www.phidias.us/victors/gene_detail.php?c_mc_victor_id=2400
NP_229687.1	Victors	http://www.phidias.us/victors/gene_detail.php?c_mc_victor_id=2393
NP_229895.1	Victors	http://www.phidias.us/victors/gene_detail.php?c_mc_victor_id=2457
NP_229915.2	Victors	http://www.phidias.us/victors/gene_detail.php?c_mc_victor_id=2464
NP_230296.1	Victors	http://www.phidias.us/victors/gene_detail.php?c_mc_victor_id=2469
NP_230476.1	Victors	http://www.phidias.us/victors/gene_detail.php?c_mc_victor_id=2441
NP_230516.1	Victors	http://www.phidias.us/victors/gene_detail.php?c_mc_victor_id=2446
NP_230818.1	Victors	http://www.phidias.us/victors/gene_detail.php?c_mc_victor_id=2450
NP_231738.1	Victors	http://www.phidias.us/victors/gene_detail.php?c_mc_victor_id=2411
NP_232063.1	Victors	http://www.phidias.us/victors/gene_detail.php?c_mc_victor_id=2396
NP_232288.1	Victors	http://www.phidias.us/victors/gene_detail.php?c_mc_victor_id=2473
NP_229907.1	Victors	http://www.phidias.us/victors/gene_detail.php?c_mc_victor_id=2433
NP_230227.1	Victors	http://www.phidias.us/victors/gene_detail.php?c_mc_victor_id=2463
NP_230474.1	Victors	http://www.phidias.us/victors/gene_detail.php?c_mc_victor_id=2440
NP_231352.1	Victors	http://www.phidias.us/victors/gene_detail.php?c_mc_victor_id=2422
NP_231676.1	Victors	http://www.phidias.us/victors/gene_detail.php?c_mc_victor_id=2414
NP_232020.1	Victors	http://www.phidias.us/victors/gene_detail.php?c_mc_victor_id=2404
NP_229781.1	Victors	http://www.phidias.us/victors/gene_detail.php?c_mc_victor_id=2394
NP_229901.1	Victors	http://www.phidias.us/victors/gene_detail.php?c_mc_victor_id=2448
NP_230139.1	Victors	http://www.phidias.us/victors/gene_detail.php?c_mc_victor_id=2465
NP_230479.1	Victors	http://www.phidias.us/victors/gene_detail.php?c_mc_victor_id=2442
NP_230666.1	Victors	http://www.phidias.us/victors/gene_detail.php?c_mc_victor_id=2434
NP_231311.1	Victors	http://www.phidias.us/victors/gene_detail.php?c_mc_victor_id=2424
NP_231521.1	Victors	http://www.phidias.us/victors/gene_detail.php?c_mc_victor_id=2418
NP_231926.1	Victors	http://www.phidias.us/victors/gene_detail.php?c_mc_victor_id=2406
NP_232088.1	Victors	http://www.phidias.us/victors/gene_detail.php?c_mc_victor_id=2402
NP_229695.2	Victors	http://www.phidias.us/victors/gene_detail.php?c_mc_victor_id=2439
NP_229896.1	Victors	http://www.phidias.us/victors/gene_detail.php?c_mc_victor_id=2455
NP_230001.1	Victors	http://www.phidias.us/victors/gene_detail.php?c_mc_victor_id=2459
NP_230376.1	Victors	http://www.phidias.us/victors/gene_detail.php?c_mc_victor_id=2475
NP_230484.1	Victors	http://www.phidias.us/victors/gene_detail.php?c_mc_victor_id=2444
NP_230612.1	Victors	http://www.phidias.us/victors/gene_detail.php?c_mc_victor_id=2428
NP_231024.1	Victors	http://www.phidias.us/victors/gene_detail.php?c_mc_victor_id=2456
NP_232082.1	Victors	http://www.phidias.us/victors/gene_detail.php?c_mc_victor_id=2399
NP_229849.1	Victors	http://www.phidias.us/victors/gene_detail.php?c_mc_victor_id=2451
NP_229913.1	Victors	http://www.phidias.us/victors/gene_detail.php?c_mc_victor_id=2427
NP_230288.1	Victors	http://www.phidias.us/victors/gene_detail.php?c_mc_victor_id=2468
NP_231406.1	Victors	http://www.phidias.us/victors/gene_detail.php?c_mc_victor_id=2419
NP_231699.1	Victors	http://www.phidias.us/victors/gene_detail.php?c_mc_victor_id=2416
NP_232056.1	Victors	http://www.phidias.us/victors/gene_detail.php?c_mc_victor_id=2395
NP_232275.1	Victors	http://www.phidias.us/victors/gene_detail.php?c_mc_victor_id=2471
NP_229783.1	Victors	http://www.phidias.us/victors/gene_detail.php?c_mc_victor_id=2466
NP_229906.1	Victors	http://www.phidias.us/victors/gene_detail.php?c_mc_victor_id=2432
NP_230174.1	Victors	http://www.phidias.us/victors/gene_detail.php?c_mc_victor_id=2476
NP_230720.1	Victors	http://www.phidias.us/victors/gene_detail.php?c_mc_victor_id=2435
NP_231351.1	Victors	http://www.phidias.us/victors/gene_detail.php?c_mc_victor_id=2421
NP_231664.1	Victors	http://www.phidias.us/victors/gene_detail.php?c_mc_victor_id=2413
NP_232019.1	Victors	http://www.phidias.us/victors/gene_detail.php?c_mc_victor_id=2403
NP_232135.1	Victors	http://www.phidias.us/victors/gene_detail.php?c_mc_victor_id=2462
NP_229710.1	Victors	http://www.phidias.us/victors/gene_detail.php?c_mc_victor_id=2437
NP_229900.1	Victors	http://www.phidias.us/victors/gene_detail.php?c_mc_victor_id=2454
NP_230122.1	Victors	http://www.phidias.us/victors/gene_detail.php?c_mc_victor_id=2461
NP_230650.1	Victors	http://www.phidias.us/victors/gene_detail.php?c_mc_victor_id=2429
NP_231276.1	Victors	http://www.phidias.us/victors/gene_detail.php?c_mc_victor_id=2423
NP_231470.1	Victors	http://www.phidias.us/victors/gene_detail.php?c_mc_victor_id=2417
NP_231922.1	Victors	http://www.phidias.us/victors/gene_detail.php?c_mc_victor_id=2409
NP_232084.1	Victors	http://www.phidias.us/victors/gene_detail.php?c_mc_victor_id=2400
NP_229687.1	Victors	http://www.phidias.us/victors/gene_detail.php?c_mc_victor_id=2393
NP_229895.1	Victors	http://www.phidias.us/victors/gene_detail.php?c_mc_victor_id=2457
NP_229916.1	Victors	http://www.phidias.us/victors/gene_detail.php?c_mc_victor_id=2458
NP_230296.1	Victors	http://www.phidias.us/victors/gene_detail.php?c_mc_victor_id=2469
NP_230484.1	Victors	http://www.phidias.us/victors/gene_detail.php?c_mc_victor_id=2444
NP_230516.1	Victors	http://www.phidias.us/victors/gene_detail.php?c_mc_victor_id=2446
NP_230818.1	Victors	http://www.phidias.us/victors/gene_detail.php?c_mc_victor_id=2450
NP_231837.1	Victors	http://www.phidias.us/victors/gene_detail.php?c_mc_victor_id=2410
NP_232063.1	Victors	http://www.phidias.us/victors/gene_detail.php?c_mc_victor_id=2396
NP_232288.1	Victors	http://www.phidias.us/victors/gene_detail.php?c_mc_victor_id=2473
NP_229908.1	Victors	http://www.phidias.us/victors/gene_detail.php?c_mc_victor_id=2431
NP_230227.1	Victors	http://www.phidias.us/victors/gene_detail.php?c_mc_victor_id=2463
NP_231352.1	Victors	http://www.phidias.us/victors/gene_detail.php?c_mc_victor_id=2422
NP_231406.1	Victors	http://www.phidias.us/victors/gene_detail.php?c_mc_victor_id=2419
NP_231684.1	Victors	http://www.phidias.us/victors/gene_detail.php?c_mc_victor_id=2415
NP_232020.1	Victors	http://www.phidias.us/victors/gene_detail.php?c_mc_victor_id=2404
NP_229781.1	Victors	http://www.phidias.us/victors/gene_detail.php?c_mc_victor_id=2394
NP_229904.1	Victors	http://www.phidias.us/victors/gene_detail.php?c_mc_victor_id=2447
NP_230139.1	Victors	http://www.phidias.us/victors/gene_detail.php?c_mc_victor_id=2465
NP_230666.1	Victors	http://www.phidias.us/victors/gene_detail.php?c_mc_victor_id=2434
NP_231311.1	Victors	http://www.phidias.us/victors/gene_detail.php?c_mc_victor_id=2424
NP_231655.1	Victors	http://www.phidias.us/victors/gene_detail.php?c_mc_victor_id=2412
NP_231926.1	Victors	http://www.phidias.us/victors/gene_detail.php?c_mc_victor_id=2406
NP_232088.1	Victors	http://www.phidias.us/victors/gene_detail.php?c_mc_victor_id=2402
NP_229695.2	Victors	http://www.phidias.us/victors/gene_detail.php?c_mc_victor_id=2439
NP_229899.1	Victors	http://www.phidias.us/victors/gene_detail.php?c_mc_victor_id=2453
NP_230001.1	Victors	http://www.phidias.us/victors/gene_detail.php?c_mc_victor_id=2459
NP_230376.1	Victors	http://www.phidias.us/victors/gene_detail.php?c_mc_victor_id=2475
NP_230612.1	Victors	http://www.phidias.us/victors/gene_detail.php?c_mc_victor_id=2428
NP_232082.1	Victors	http://www.phidias.us/victors/gene_detail.php?c_mc_victor_id=2399
NP_229869.1	Victors	http://www.phidias.us/victors/gene_detail.php?c_mc_victor_id=2452
NP_229913.1	Victors	http://www.phidias.us/victors/gene_detail.php?c_mc_victor_id=2427
NP_230288.1	Victors	http://www.phidias.us/victors/gene_detail.php?c_mc_victor_id=2468
NP_230483.1	Victors	http://www.phidias.us/victors/gene_detail.php?c_mc_victor_id=2443
NP_230807.1	Victors	http://www.phidias.us/victors/gene_detail.php?c_mc_victor_id=2449
NP_231699.1	Victors	http://www.phidias.us/victors/gene_detail.php?c_mc_victor_id=2416
NP_232056.1	Victors	http://www.phidias.us/victors/gene_detail.php?c_mc_victor_id=2395
NP_232286.1	Victors	http://www.phidias.us/victors/gene_detail.php?c_mc_victor_id=2472
NP_229790.1	Victors	http://www.phidias.us/victors/gene_detail.php?c_mc_victor_id=2478
NP_229906.1	Victors	http://www.phidias.us/victors/gene_detail.php?c_mc_victor_id=2432
NP_230174.1	Victors	http://www.phidias.us/victors/gene_detail.php?c_mc_victor_id=2476
NP_230743.1	Victors	http://www.phidias.us/victors/gene_detail.php?c_mc_victor_id=2436
NP_231351.1	Victors	http://www.phidias.us/victors/gene_detail.php?c_mc_victor_id=2421
NP_231664.1	Victors	http://www.phidias.us/victors/gene_detail.php?c_mc_victor_id=2413
NP_232019.1	Victors	http://www.phidias.us/victors/gene_detail.php?c_mc_victor_id=2403
NP_232172.1	Victors	http://www.phidias.us/victors/gene_detail.php?c_mc_victor_id=2470
NP_229754.1	Victors	http://www.phidias.us/victors/gene_detail.php?c_mc_victor_id=2477
NP_229900.1	Victors	http://www.phidias.us/victors/gene_detail.php?c_mc_victor_id=2454
NP_230122.1	Victors	http://www.phidias.us/victors/gene_detail.php?c_mc_victor_id=2461
NP_230485.1	Victors	http://www.phidias.us/victors/gene_detail.php?c_mc_victor_id=2445
NP_230658.1	Victors	http://www.phidias.us/victors/gene_detail.php?c_mc_victor_id=2430
NP_231276.1	Victors	http://www.phidias.us/victors/gene_detail.php?c_mc_victor_id=2423
NP_231470.1	Victors	http://www.phidias.us/victors/gene_detail.php?c_mc_victor_id=2417
NP_231922.1	Victors	http://www.phidias.us/victors/gene_detail.php?c_mc_victor_id=2409
NP_232086.1	Victors	http://www.phidias.us/victors/gene_detail.php?c_mc_victor_id=2401
NP_229691.1	Victors	http://www.phidias.us/victors/gene_detail.php?c_mc_victor_id=2438
NP_229895.1	Victors	http://www.phidias.us/victors/gene_detail.php?c_mc_victor_id=2457
NP_229916.1	Victors	http://www.phidias.us/victors/gene_detail.php?c_mc_victor_id=2458
NP_230373.1	Victors	http://www.phidias.us/victors/gene_detail.php?c_mc_victor_id=2474
NP_230476.1	Victors	http://www.phidias.us/victors/gene_detail.php?c_mc_victor_id=2441
NP_230818.1	Victors	http://www.phidias.us/victors/gene_detail.php?c_mc_victor_id=2450
NP_231837.1	Victors	http://www.phidias.us/victors/gene_detail.php?c_mc_victor_id=2410
NP_232066.1	Victors	http://www.phidias.us/victors/gene_detail.php?c_mc_victor_id=2397
NP_232288.1	Victors	http://www.phidias.us/victors/gene_detail.php?c_mc_victor_id=2473
NP_229908.1	Victors	http://www.phidias.us/victors/gene_detail.php?c_mc_victor_id=2431
NP_230246.1	Victors	http://www.phidias.us/victors/gene_detail.php?c_mc_victor_id=2467
NP_230474.1	Victors	http://www.phidias.us/victors/gene_detail.php?c_mc_victor_id=2440
NP_231684.1	Victors	http://www.phidias.us/victors/gene_detail.php?c_mc_victor_id=2415
NP_232043.1	Victors	http://www.phidias.us/victors/gene_detail.php?c_mc_victor_id=2405
NP_229781.1	Victors	http://www.phidias.us/victors/gene_detail.php?c_mc_victor_id=2394
NP_229904.1	Victors	http://www.phidias.us/victors/gene_detail.php?c_mc_victor_id=2447
NP_230479.1	Victors	http://www.phidias.us/victors/gene_detail.php?c_mc_victor_id=2442
NP_230666.1	Victors	http://www.phidias.us/victors/gene_detail.php?c_mc_victor_id=2434
NP_231350.1	Victors	http://www.phidias.us/victors/gene_detail.php?c_mc_victor_id=2420
NP_231655.1	Victors	http://www.phidias.us/victors/gene_detail.php?c_mc_victor_id=2412
NP_231951.1	Victors	http://www.phidias.us/victors/gene_detail.php?c_mc_victor_id=2407
NP_232088.1	Victors	http://www.phidias.us/victors/gene_detail.php?c_mc_victor_id=2402
NP_229695.2	Victors	http://www.phidias.us/victors/gene_detail.php?c_mc_victor_id=2439
NP_229899.1	Victors	http://www.phidias.us/victors/gene_detail.php?c_mc_victor_id=2453
NP_230113.1	Victors	http://www.phidias.us/victors/gene_detail.php?c_mc_victor_id=2460
NP_230376.1	Victors	http://www.phidias.us/victors/gene_detail.php?c_mc_victor_id=2475
NP_230485.1	Victors	http://www.phidias.us/victors/gene_detail.php?c_mc_victor_id=2445
NP_230612.1	Victors	http://www.phidias.us/victors/gene_detail.php?c_mc_victor_id=2428
NP_231235.1	Victors	http://www.phidias.us/victors/gene_detail.php?c_mc_victor_id=2426
NP_231921.1	Victors	http://www.phidias.us/victors/gene_detail.php?c_mc_victor_id=2408
NP_232082.1	Victors	http://www.phidias.us/victors/gene_detail.php?c_mc_victor_id=2399
NP_229869.1	Victors	http://www.phidias.us/victors/gene_detail.php?c_mc_victor_id=2452
NP_229915.2	Victors	http://www.phidias.us/victors/gene_detail.php?c_mc_victor_id=2464
NP_230288.1	Victors	http://www.phidias.us/victors/gene_detail.php?c_mc_victor_id=2468
NP_230807.1	Victors	http://www.phidias.us/victors/gene_detail.php?c_mc_victor_id=2449
NP_231738.1	Victors	http://www.phidias.us/victors/gene_detail.php?c_mc_victor_id=2411
NP_232056.1	Victors	http://www.phidias.us/victors/gene_detail.php?c_mc_victor_id=2395
NP_232286.1	Victors	http://www.phidias.us/victors/gene_detail.php?c_mc_victor_id=2472
NP_229790.1	Victors	http://www.phidias.us/victors/gene_detail.php?c_mc_victor_id=2478
NP_229907.1	Victors	http://www.phidias.us/victors/gene_detail.php?c_mc_victor_id=2433
NP_230174.1	Victors	http://www.phidias.us/victors/gene_detail.php?c_mc_victor_id=2476
NP_230743.1	Victors	http://www.phidias.us/victors/gene_detail.php?c_mc_victor_id=2436
NP_231351.1	Victors	http://www.phidias.us/victors/gene_detail.php?c_mc_victor_id=2421
NP_231676.1	Victors	http://www.phidias.us/victors/gene_detail.php?c_mc_victor_id=2414
NP_232019.1	Victors	http://www.phidias.us/victors/gene_detail.php?c_mc_victor_id=2403
NP_232172.1	Victors	http://www.phidias.us/victors/gene_detail.php?c_mc_victor_id=2470
NP_229754.1	Victors	http://www.phidias.us/victors/gene_detail.php?c_mc_victor_id=2477
NP_229901.1	Victors	http://www.phidias.us/victors/gene_detail.php?c_mc_victor_id=2448
NP_230122.1	Victors	http://www.phidias.us/victors/gene_detail.php?c_mc_victor_id=2461
NP_230479.1	Victors	http://www.phidias.us/victors/gene_detail.php?c_mc_victor_id=2442
NP_230658.1	Victors	http://www.phidias.us/victors/gene_detail.php?c_mc_victor_id=2430
NP_231276.1	Victors	http://www.phidias.us/victors/gene_detail.php?c_mc_victor_id=2423
NP_231521.1	Victors	http://www.phidias.us/victors/gene_detail.php?c_mc_victor_id=2418
NP_231922.1	Victors	http://www.phidias.us/victors/gene_detail.php?c_mc_victor_id=2409
NP_232086.1	Victors	http://www.phidias.us/victors/gene_detail.php?c_mc_victor_id=2401
NP_229691.1	Victors	http://www.phidias.us/victors/gene_detail.php?c_mc_victor_id=2438
NP_229896.1	Victors	http://www.phidias.us/victors/gene_detail.php?c_mc_victor_id=2455
NP_229916.1	Victors	http://www.phidias.us/victors/gene_detail.php?c_mc_victor_id=2458
NP_230373.1	Victors	http://www.phidias.us/victors/gene_detail.php?c_mc_victor_id=2474
NP_230484.1	Victors	http://www.phidias.us/victors/gene_detail.php?c_mc_victor_id=2444
NP_231024.1	Victors	http://www.phidias.us/victors/gene_detail.php?c_mc_victor_id=2456
NP_231837.1	Victors	http://www.phidias.us/victors/gene_detail.php?c_mc_victor_id=2410
NP_232066.1	Victors	http://www.phidias.us/victors/gene_detail.php?c_mc_victor_id=2397
NP_229849.1	Victors	http://www.phidias.us/victors/gene_detail.php?c_mc_victor_id=2451
NP_229908.1	Victors	http://www.phidias.us/victors/gene_detail.php?c_mc_victor_id=2431
NP_230246.1	Victors	http://www.phidias.us/victors/gene_detail.php?c_mc_victor_id=2467
NP_231406.1	Victors	http://www.phidias.us/victors/gene_detail.php?c_mc_victor_id=2419
NP_231684.1	Victors	http://www.phidias.us/victors/gene_detail.php?c_mc_victor_id=2415
NP_232043.1	Victors	http://www.phidias.us/victors/gene_detail.php?c_mc_victor_id=2405
NP_232275.1	Victors	http://www.phidias.us/victors/gene_detail.php?c_mc_victor_id=2471
